{"cpu_act": {"mean_r2_test": 0.9863190292910036,
  "n_estimators": 1000.0,
  "max_depth": 9.0,
  "gamma": 0.0011489253751345,
  "learning_rate": 0.027235853580137,
  "min_child_weight": 5.0,
  "reg_alpha": 1.417458048873086e-07,
  "reg_lambda": 2.9777236104183293},
 "pol": {"mean_r2_test": 0.9914593458694776,
  "n_estimators": 1000.0,
  "max_depth": 11.0,
  "gamma": 1.3371035462024092e-07,
  "learning_rate": 0.0272055751372336,
  "min_child_weight": 4.0,
  "reg_alpha": 1.140331624448896e-05,
  "reg_lambda": 2.525402668958997},
 "elevators": {"mean_r2_test": 0.9082593638926016,
  "n_estimators": 1000.0,
  "max_depth": 7.0,
  "gamma": 2.469897745872637e-06,
  "learning_rate": 0.0406878266969911,
  "min_child_weight": 18.0,
  "reg_alpha": 7.607290558972846e-07,
  "reg_lambda": 1.2966975927183086},
 "wine_quality": {"mean_r2_test": 0.5078915614386154,
  "n_estimators": 1000.0,
  "max_depth": 11.0,
  "gamma": 1.7624204781259646e-08,
  "learning_rate": 0.0118298027214419,
  "min_child_weight": 2.0,
  "reg_alpha": 6.451999577199411e-07,
  "reg_lambda": 1.4165642771597151},
 "Ailerons": {"mean_r2_test": 0.850021665465091,
  "n_estimators": 1000.0,
  "max_depth": 7.0,
  "gamma": 1.0310027031313057e-07,
  "learning_rate": 0.0218593249389942,
  "min_child_weight": 77.0,
  "reg_alpha": 3.5386505757267768e-06,
  "reg_lambda": 1.5148165307895478},
 "houses": {"mean_r2_test": 0.8522330299306289,
  "n_estimators": 1000.0,
  "max_depth": 10.0,
  "gamma": 0.00012295132650021,
  "learning_rate": 0.0318750045660509,
  "min_child_weight": 2.0,
  "reg_alpha": 1.4118006757461696e-05,
  "reg_lambda": 3.3034604475054863},
 "house_16H": {"mean_r2_test": 0.5630918972448749,
  "n_estimators": 1000.0,
  "max_depth": 11.0,
  "gamma": 0.00016674500180267,
  "learning_rate": 0.0043952062381744,
  "min_child_weight": 3.0,
  "reg_alpha": 3.82060001647199e-06,
  "reg_lambda": 3.182532466414828},
 "diamonds": {"mean_r2_test": 0.991180866355102,
  "n_estimators": 1000.0,
  "max_depth": 5.0,
  "gamma": 0.00030745635725255,
  "learning_rate": 0.0635419986782943,
  "min_child_weight": 4.0,
  "reg_alpha": 1.618959175777258e-05,
  "reg_lambda": 2.055935943319584},
 "Brazilian_houses": {"mean_r2_test": 0.9980098248359328,
  "n_estimators": 1000.0,
  "max_depth": 4.0,
  "gamma": 2.6651611321373463e-05,
  "learning_rate": 0.0721875117055522,
  "min_child_weight": 1.0,
  "reg_alpha": 6.637807074915589e-06,
  "reg_lambda": 3.203776260597952},
 "Bike_Sharing_Demand": {"mean_r2_test": 0.9477388902048622,
  "n_estimators": 1000.0,
  "max_depth": 9.0,
  "gamma": 1.1109650954691486e-06,
  "learning_rate": 0.0142848845637496,
  "min_child_weight": 3.0,
  "reg_alpha": 0.0011879318646332,
  "reg_lambda": 1.6600954095731937},
 "nyc-taxi-green-dec-2016": {"mean_r2_test": 0.591296362998357,
  "n_estimators": 1000.0,
  "max_depth": 3.0,
  "gamma": 0.1053550939743954,
  "learning_rate": 0.2163088806995048,
  "min_child_weight": 2.0,
  "reg_alpha": 4.902432454807277e-06,
  "reg_lambda": 2.334582648756528},
 "house_sales": {"mean_r2_test": 0.897680216485606,
  "n_estimators": 1000.0,
  "max_depth": 11.0,
  "gamma": 0.2247213862458529,
  "learning_rate": 0.0222199965234735,
  "min_child_weight": 1.0,
  "reg_alpha": 0.0018723011560713,
  "reg_lambda": 2.1678960885530905},
 "sulfur": {"mean_r2_test": 0.8733408978365168,
  "n_estimators": 1000.0,
  "max_depth": 6.0,
  "gamma": 8.076320125031262e-06,
  "learning_rate": 0.1522844359126858,
  "min_child_weight": 2.0,
  "reg_alpha": 1.1094764435502152e-06,
  "reg_lambda": 1.4692103318482237},
 "medical_charges": {"mean_r2_test": 0.9788755277193584,
  "n_estimators": 1000.0,
  "max_depth": 4.0,
  "gamma": 0.0235807230963566,
  "learning_rate": 0.0289277004977114,
  "min_child_weight": 14.0,
  "reg_alpha": 0.0001293293168925,
  "reg_lambda": 1.516280899083244},
 "MiamiHousing2016": {"mean_r2_test": 0.9365878794468476,
  "n_estimators": 1000.0,
  "max_depth": 9.0,
  "gamma": 0.0310142290079674,
  "learning_rate": 0.0314289716241415,
  "min_child_weight": 2.0,
  "reg_alpha": 3.005293924181868e-05,
  "reg_lambda": 3.2260547295119086},
 "superconduct": {"mean_r2_test": 0.9109646164595472,
  "n_estimators": 1000.0,
  "max_depth": 10.0,
  "gamma": 0.0066265164448586,
  "learning_rate": 0.0173483901380002,
  "min_child_weight": 15.0,
  "reg_alpha": 0.0072314575627304,
  "reg_lambda": 1.49712742569722},
 "yprop_4_1": {"mean_r2_test": 0.0828940751585968,
  "n_estimators": 1000.0,
  "max_depth": 11.0,
  "gamma": 0.00073743487792376,
  "learning_rate": 0.0119128484557517,
  "min_child_weight": 1.0,
  "reg_alpha": 0.440115012625047,
  "reg_lambda": 1.2243328443576569},
 "abalone": {"mean_r2_test": 0.5574961919452044,
  "n_estimators": 1000.0,
  "max_depth": 10.0,
  "gamma": 4.193686625846552e-05,
  "learning_rate": 0.0062294314093765,
  "min_child_weight": 29.0,
  "reg_alpha": 6.3439518988014765e-06,
  "reg_lambda": 1.4151301670596177},
 "delays_zurich_transport": {"mean_r2_test": 0.0784278592739372,
  "n_estimators": 1000.0,
  "max_depth": 10.0,
  "gamma": 0.0130310850847908,
  "learning_rate": 0.0060789168784015,
  "min_child_weight": 24.0,
  "reg_alpha": 53.35161666062192,
  "reg_lambda": 3.042597896772041}}